Emily,Smith,esmith,Hello123,10,dcook
Olivia,Johnson,ojohnson,Butterfly22,20,jmorgan
Ava,Williams,awilliams,Password3,10,gbell
Evelyn,Moore,emoore,Pineapple0,30,ijones
Abigail,Taylor,ataylor,Dragonfly,20,ijones
Ella,Anderson,eanderson,Watermelon,40,ijones
Scarlett,Thomas,sthomas,Summer456,20,mdavis
Grace,Jackson,gjackson,Football!,10,mdavis
Chloe,White,cwhite,Sweet79?,30,amiller
Victoria,Harris,vharris,Universe!,40,hwilson
Lily,Martin,lmartin,Fireworks1,30,jmorgan
Hannah,Thompson,hthompson,Cookie321,40,mdavis
Zoey,Garcia,zgarcia,Pencil456,20,amiller
Penelope,Martinez,pmartinez,Library777,40,cmurphy
Layla,Robinson,lrobinson,Dolphin888,20,dcook
Aurora,Clark,aclark,Umbrella12,30,gbell
Savannah,Rodriguez,srodriguez,Snowflake9,10,jbailey
Aubrey,Lewis,alewis,Lighthouse!,40,cmurphy
Addison,Lee,alee,Ladybug12,10,mdavis
Brooklyn,Walker,bwalker,Starlight!,10,sbrown
Natalie,Hall,nhall,Raspberry1,30,jbailey
Riley,Allen,rallen,Whales123,30,amiller
Ellie,Young,eyoung,Mermaid999,20,ijones
Stella,Hernandez,shernandez,Magic789,20,hwilson
Maya,King,mking,Balloon123,10,dcook
Liam,Wright,lwright,Freedom555,30,jbailey
Noah,Lopez,nlopez,Jellyfish7,40,sbrown
Oliver,Hill,ohill,Adventure!,40,cmurphy
Elijah,Scott,escott,Sky123456,20,jmorgan
William,Green,wgreen,Dreamer123,10,hwilson
James,Adams,jadams,Dragon1234,30,dcook
Benjamin,Baker,bbaker,Carousel8,40,sbrown
Lucas,Gonzalez,lgonzalez,Moonlight!,20,gbell
Henry,Nelson,hnelson,Sunflower0,30,amiller
Alexander,Carter,acarter,Serenity1,10,jmorgan
Mason,Mitchell,mmitchell,Wonderland,40,cmurphy
Michael,Perez,mperez,Adventure7,10,hwilson
Ethan,Roberts,eroberts,Seashell00,10,jbailey
Daniel,Turner,dturner,Rainbow123,20,mdavis
Jacob,Phillips,jphillips,Sparkle567,30,sbrown
Logan,Campbell,lcampbell,Firefly999,20,cmurphy
Jackson,Parker,jparker,Treasure00,40,dcook
Sebastian,Evans,sevans,Galaxy123,10,ijones
Jack,Edwards,jedwards,Midnight88,20,jmorgan
Aiden,Collins,acollins,Summer987,30,hwilson
Owen,Stewart,ostewart,Beach1234,40,jbailey
Samuel,Sanchez,ssanchez,Stardust33,30,sbrown
Matthew,Morris,mmorris,Adventure!,20,gbell
Joseph,Rogers,jrogers,Sunrise345,10,amiller
Levi,Reed,lreed,Hello123,20,dkulis
